Burn_Code,Parent_ID,Sample_Name,Feedstock_Species,Land_Coverage_Category,Feedstock_Status,Moisture,Burn_Treatment,Burn_Date,Burn_Start_Time_PST,Flame_Start_Time_PST,300_degC_Grab_Time_PST,600_degC_Grab_Time_PST,Flame_End_Time_PST,Burn_End_Time_PST,Max_Burn_Temp,Dry_Fuel_Before_Burn_Weight,Approx_Char_After_Burn_Weight,Burn_Notes,Char_Type,Burn_Severity,Burn_Duration,Char_Max_Temp,Leach_Date,Char_Leached,Leachate_Volume
Burn01a,BSLE_0001,BSLE_0001A,douglas-fir,Douglas-fir forest,living,Air dried,burn table, 2021-06-08,10:08:32,10:13:06,10:16:32,10:19:16,10:30:42,10:33:42,589,2486.4,749.3,N/A,endchar,Low,1056,589,10/26/2021,25.1,1000
Burn01a,BSLE_0001,BSLE_0001B,douglas-fir,Douglas-fir forest,living,Air dried,burn table, 2021-06-08,10:08:32,10:13:06,10:16:32,10:19:16,10:30:42,10:33:42,589,2486.4,749.3,N/A,endchar,Low,1056,589,10/27/2021,25.1,1000
Burn01a,BSLE_0001,BSLE_0001C,douglas-fir,Douglas-fir forest,living,Air dried,burn table, 2021-06-08,10:08:32,10:13:06,10:16:32,10:19:16,10:30:42,10:33:42,589,2486.4,749.3,N/A,endchar,Low,1056,589,10/28/2021,25,1000
Burn01a,BSLE_0051,BSLE_0051A,douglas-fir,Douglas-fir forest,living,Air dried,burn table, 2021-06-08,10:08:32,10:13:06,10:16:32,10:19:16,10:30:42,10:33:42,589,2486.4,749.3,N/A,300C,Low,206,407.5,11/4/2021,16.6,640
Burn01a,BSLE_0051,BSLE_0051B,douglas-fir,Douglas-fir forest,living,Air dried,burn table, 2021-06-08,10:08:32,10:13:06,10:16:32,10:19:16,10:30:42,10:33:42,589,2486.4,749.3,N/A,300C,Low,206,407.5,11/4/2021,16.3,640
Burn01a,BSLE_0051,BSLE_0051C,douglas-fir,Douglas-fir forest,living,Air dried,burn table, 2021-06-08,10:08:32,10:13:06,10:16:32,10:19:16,10:30:42,10:33:42,589,2486.4,749.3,N/A,300C,Low,206,407.5,11/4/2021,16.8,540
Burn01a,BSLE_0052,BSLE_0052A,douglas-fir,Douglas-fir forest,living,Air dried,burn table, 2021-06-08,10:08:32,10:13:06,10:16:32,10:19:16,10:30:42,10:33:42,589,2486.4,749.3,N/A,600C,Moderate,370,589,4/11/2022,13,520
Burn01a,BSLE_0052,BSLE_0052B,douglas-fir,Douglas-fir forest,living,Air dried,burn table, 2021-06-08,10:08:32,10:13:06,10:16:32,10:19:16,10:30:42,10:33:42,589,2486.4,749.3,N/A,600C,Moderate,370,589,4/11/2022,13.1,520
Burn01a,BSLE_0052,BSLE_0052C,douglas-fir,Douglas-fir forest,living,Air dried,burn table, 2021-06-08,10:08:32,10:13:06,10:16:32,10:19:16,10:30:42,10:33:42,589,2486.4,749.3,N/A,600C,Moderate,370,589,4/11/2022,13.1,520
Burn01a,BSLE_0073,BSLE_0073A,douglas-fir,Douglas-fir forest,living,Air dried,burn table, 2021-06-08,10:08:32,10:13:06,10:16:32,10:19:16,10:30:42,10:33:42,589,2486.4,749.3,N/A,completecombustion,High,1056,589,5/12/2022,1.0021,40
Burn01a,BSLE_0073,BSLE_0073B,douglas-fir,Douglas-fir forest,living,Air dried,burn table, 2021-06-08,10:08:32,10:13:06,10:16:32,10:19:16,10:30:42,10:33:42,589,2486.4,749.3,N/A,completecombustion,High,1056,589,5/12/2022,1.0736,40
Burn01a,BSLE_0073,BSLE_0073C,douglas-fir,Douglas-fir forest,living,Air dried,burn table, 2021-06-08,10:08:32,10:13:06,10:16:32,10:19:16,10:30:42,10:33:42,589,2486.4,749.3,N/A,completecombustion,High,1056,589,5/12/2022,1.0195,40
Burn01b,N/A,N/A,douglas-fir,Douglas-fir forest,living,Experimentally added moisture,burn table, 2021-06-08,10:17:06,-9999,-9999,-9999,-9999,10:33:42,28.03,2501.1,-9999,feedstock material did not catch; not enough heat and potentially too moist.,N/A,N/A,-9999,-9999,-9999,-9999,-9999
Burn02a,BSLE_0028,BSLE_0028A,douglas-fir; ponderosa pine,Mixed Conifer forest,dead,Air dried,burn table, 2021-06-08,11:38:20,11:38:14,11:39:13,11:42:08,11:47:39,11:54:43,689.6,2351.4,441.4,N/A,300C,Low,59,337.5,1/10/2022,25.2,1000
Burn02a,BSLE_0028,BSLE_0028B,douglas-fir; ponderosa pine,Mixed Conifer forest,dead,Air dried,burn table, 2021-06-08,11:38:20,11:38:14,11:39:13,11:42:08,11:47:39,11:54:43,689.6,2351.4,441.4,N/A,300C,Low,59,337.5,1/10/2022,25.1,1000
Burn02a,BSLE_0028,BSLE_0028C,douglas-fir; ponderosa pine,Mixed Conifer forest,dead,Air dried,burn table, 2021-06-08,11:38:20,11:38:14,11:39:13,11:42:08,11:47:39,11:54:43,689.6,2351.4,441.4,N/A,300C,Low,59,337.5,1/10/2022,25.9,1000
Burn02a,BSLE_0029,BSLE_0029A,douglas-fir; ponderosa pine,Mixed Conifer forest,dead,Air dried,burn table, 2021-06-08,11:38:20,11:38:14,11:39:13,11:42:08,11:47:39,11:54:43,689.6,2351.4,441.4,N/A,600C,Moderate,234,599.5,1/10/2022,25,1000
Burn02a,BSLE_0029,BSLE_0029B,douglas-fir; ponderosa pine,Mixed Conifer forest,dead,Air dried,burn table, 2021-06-08,11:38:20,11:38:14,11:39:13,11:42:08,11:47:39,11:54:43,689.6,2351.4,441.4,N/A,600C,Moderate,234,599.5,1/10/2022,25.3,1000
Burn02a,BSLE_0029,BSLE_0029C,douglas-fir; ponderosa pine,Mixed Conifer forest,dead,Air dried,burn table, 2021-06-08,11:38:20,11:38:14,11:39:13,11:42:08,11:47:39,11:54:43,689.6,2351.4,441.4,N/A,600C,Moderate,234,599.5,1/10/2022,26.3,1000
Burn02a,BSLE_0061,BSLE_0061A,douglas-fir; ponderosa pine,Mixed Conifer forest,dead,Air dried,burn table, 2021-06-08,11:38:20,11:38:14,11:39:13,11:42:08,11:47:39,11:54:43,689.6,2351.4,441.4,N/A,endchar,High,565,689.6,2/21/2022,15.1,600
Burn02a,BSLE_0061,BSLE_0061B,douglas-fir; ponderosa pine,Mixed Conifer forest,dead,Air dried,burn table, 2021-06-08,11:38:20,11:38:14,11:39:13,11:42:08,11:47:39,11:54:43,689.6,2351.4,441.4,N/A,endchar,High,565,689.6,2/21/2022,14.9,600
Burn02a,BSLE_0061,BSLE_0061C,douglas-fir; ponderosa pine,Mixed Conifer forest,dead,Air dried,burn table, 2021-06-08,11:38:20,11:38:14,11:39:13,11:42:08,11:47:39,11:54:43,689.6,2351.4,441.4,N/A,endchar,High,565,689.6,2/21/2022,15.1,600
Burn02a,BSLE_0065,BSLE_0065A,douglas-fir; ponderosa pine,Mixed Conifer forest,dead,Air dried,burn table, 2021-06-08,11:38:20,11:38:14,11:39:13,11:42:08,11:47:39,11:54:43,689.6,2351.4,441.4,N/A,completecombustion,High,565,689.6,5/31/2022,8,320
Burn02a,BSLE_0065,BSLE_0065B,douglas-fir; ponderosa pine,Mixed Conifer forest,dead,Air dried,burn table, 2021-06-08,11:38:20,11:38:14,11:39:13,11:42:08,11:47:39,11:54:43,689.6,2351.4,441.4,N/A,completecombustion,High,565,689.6,5/31/2022,8.1,320
Burn02a,BSLE_0065,BSLE_0065C,douglas-fir; ponderosa pine,Mixed Conifer forest,dead,Air dried,burn table, 2021-06-08,11:38:20,11:38:14,11:39:13,11:42:08,11:47:39,11:54:43,689.6,2351.4,441.4,N/A,completecombustion,High,565,689.6,5/31/2022,8.1,320
Burn02b,BSLE_0020,BSLE_0020A,douglas-fir; ponderosa pine,Mixed Conifer forest,dead,Experimentally added moisture,burn table, 2021-06-08,11:39:47,11:40:26,11:44:27,11:49:35,11:53:00,12:01:16,678,2303,494.5,N/A,300C,Low,241,364.9,2/7/2022,25.1,1000
Burn02b,BSLE_0020,BSLE_0020B,douglas-fir; ponderosa pine,Mixed Conifer forest,dead,Experimentally added moisture,burn table, 2021-06-08,11:39:47,11:40:26,11:44:27,11:49:35,11:53:00,12:01:16,678,2303,494.5,N/A,300C,Low,241,364.9,2/7/2022,25.4,1000
Burn02b,BSLE_0020,BSLE_0020C,douglas-fir; ponderosa pine,Mixed Conifer forest,dead,Experimentally added moisture,burn table, 2021-06-08,11:39:47,11:40:26,11:44:27,11:49:35,11:53:00,12:01:16,678,2303,494.5,N/A,300C,Low,241,364.9,2/7/2022,25.1,1000
Burn02b,BSLE_0037,BSLE_0037A,douglas-fir; ponderosa pine,Mixed Conifer forest,dead,Experimentally added moisture,burn table, 2021-06-08,11:39:47,11:40:26,11:44:27,11:49:35,11:53:00,12:01:16,678,2303,494.5,N/A,600C,Moderate,549,604.9,1/17/2022,25.6,1000
Burn02b,BSLE_0037,BSLE_0037B,douglas-fir; ponderosa pine,Mixed Conifer forest,dead,Experimentally added moisture,burn table, 2021-06-08,11:39:47,11:40:26,11:44:27,11:49:35,11:53:00,12:01:16,678,2303,494.5,N/A,600C,Moderate,549,604.9,1/17/2022,26.4,1000
Burn02b,BSLE_0037,BSLE_0037C,douglas-fir; ponderosa pine,Mixed Conifer forest,dead,Experimentally added moisture,burn table, 2021-06-08,11:39:47,11:40:26,11:44:27,11:49:35,11:53:00,12:01:16,678,2303,494.5,N/A,600C,Moderate,549,604.9,1/17/2022,25.2,1000
Burn02b,BSLE_0055,BSLE_0055A,douglas-fir; ponderosa pine,Mixed Conifer forest,dead,Experimentally added moisture,burn table, 2021-06-08,11:39:47,11:40:26,11:44:27,11:49:35,11:53:00,12:01:16,678,2303,494.5,N/A,endchar,Moderate,754,678.1,2/21/2022,20,800
Burn02b,BSLE_0055,BSLE_0055B,douglas-fir; ponderosa pine,Mixed Conifer forest,dead,Experimentally added moisture,burn table, 2021-06-08,11:39:47,11:40:26,11:44:27,11:49:35,11:53:00,12:01:16,678,2303,494.5,N/A,endchar,Moderate,754,678.1,2/21/2022,20.2,800
Burn02b,BSLE_0055,BSLE_0055C,douglas-fir; ponderosa pine,Mixed Conifer forest,dead,Experimentally added moisture,burn table, 2021-06-08,11:39:47,11:40:26,11:44:27,11:49:35,11:53:00,12:01:16,678,2303,494.5,N/A,endchar,Moderate,754,678.1,2/21/2022,21.6,800
Burn02b,BSLE_0085,BSLE_0085A,douglas-fir; ponderosa pine,Mixed Conifer forest,dead,Experimentally added moisture,burn table, 2021-06-08,11:39:47,11:40:26,11:44:27,11:49:35,11:53:00,12:01:16,678,2303,494.5,N/A,completecombustion,Moderate,754,678.1,7/12/2022,1,40
Burn02b,BSLE_0085,BSLE_0085B,douglas-fir; ponderosa pine,Mixed Conifer forest,dead,Experimentally added moisture,burn table, 2021-06-08,11:39:47,11:40:26,11:44:27,11:49:35,11:53:00,12:01:16,678,2303,494.5,N/A,completecombustion,Moderate,754,678.1,7/12/2022,1,40
Burn02b,BSLE_0085,BSLE_0085C,douglas-fir; ponderosa pine,Mixed Conifer forest,dead,Experimentally added moisture,burn table, 2021-06-08,11:39:47,11:40:26,11:44:27,11:49:35,11:53:00,12:01:16,678,2303,494.5,N/A,completecombustion,Moderate,754,678.1,7/12/2022,1,40
Burn03a,BSLE_0023,BSLE_0023A,douglas-fir; ponderosa pine,Mixed Conifer forest,living,Air dried,burn table, 2021-06-08,12:57:12,12:57:33,12:58:44,13:01:19,13:05:04,13:14:19,570.1,2201.4,499.2,N/A,300C,Low,71,375.8,5/31/2022,25.2,1000
Burn03a,BSLE_0023,BSLE_0023B,douglas-fir; ponderosa pine,Mixed Conifer forest,living,Air dried,burn table, 2021-06-08,12:57:12,12:57:33,12:58:44,13:01:19,13:05:04,13:14:19,570.1,2201.4,499.2,N/A,300C,Low,71,375.8,5/31/2022,25,1000
Burn03a,BSLE_0023,BSLE_0023C,douglas-fir; ponderosa pine,Mixed Conifer forest,living,Air dried,burn table, 2021-06-08,12:57:12,12:57:33,12:58:44,13:01:19,13:05:04,13:14:19,570.1,2201.4,499.2,N/A,300C,Low,71,375.8,5/31/2022,25.1,1000
Burn03a,BSLE_0034,BSLE_0034A,douglas-fir; ponderosa pine,Mixed Conifer forest,living,Air dried,burn table, 2021-06-08,12:57:12,12:57:33,12:58:44,13:01:19,13:05:04,13:14:19,570.1,2201.4,499.2,N/A,600C,Low,226,570.1,5/31/2022,25.1,1000
Burn03a,BSLE_0034,BSLE_0034B,douglas-fir; ponderosa pine,Mixed Conifer forest,living,Air dried,burn table, 2021-06-08,12:57:12,12:57:33,12:58:44,13:01:19,13:05:04,13:14:19,570.1,2201.4,499.2,N/A,600C,Low,226,570.1,5/31/2022,25,1000
Burn03a,BSLE_0034,BSLE_0034C,douglas-fir; ponderosa pine,Mixed Conifer forest,living,Air dried,burn table, 2021-06-08,12:57:12,12:57:33,12:58:44,13:01:19,13:05:04,13:14:19,570.1,2201.4,499.2,N/A,600C,Low,226,570.1,6/1/2022,26.2,1000
Burn03a,BSLE_0038,BSLE_0038A,douglas-fir; ponderosa pine,Mixed Conifer forest,living,Air dried,burn table, 2021-06-08,12:57:12,12:57:33,12:58:44,13:01:19,13:05:04,13:14:19,570.1,2201.4,499.2,N/A,endchar,Moderate,451,570.1,2/8/2022,25.2,1000
Burn03a,BSLE_0038,BSLE_0038B,douglas-fir; ponderosa pine,Mixed Conifer forest,living,Air dried,burn table, 2021-06-08,12:57:12,12:57:33,12:58:44,13:01:19,13:05:04,13:14:19,570.1,2201.4,499.2,N/A,endchar,Moderate,451,570.1,2/8/2022,25,1000
Burn03a,BSLE_0038,BSLE_0038C,douglas-fir; ponderosa pine,Mixed Conifer forest,living,Air dried,burn table, 2021-06-08,12:57:12,12:57:33,12:58:44,13:01:19,13:05:04,13:14:19,570.1,2201.4,499.2,N/A,endchar,Moderate,451,570.1,2/8/2022,25.5,1000
Burn03a,BSLE_0083,BSLE_0083A,douglas-fir; ponderosa pine,Mixed Conifer forest,living,Air dried,burn table, 2021-06-08,12:57:12,12:57:33,12:58:44,13:01:19,13:05:04,13:14:19,570.1,2201.4,499.2,N/A,completecombustion,High,451,570.1,7/11/2022,1,40
Burn03a,BSLE_0083,BSLE_0083B,douglas-fir; ponderosa pine,Mixed Conifer forest,living,Air dried,burn table, 2021-06-08,12:57:12,12:57:33,12:58:44,13:01:19,13:05:04,13:14:19,570.1,2201.4,499.2,N/A,completecombustion,High,451,570.1,7/11/2022,1,40
Burn03a,BSLE_0083,BSLE_0083C,douglas-fir; ponderosa pine,Mixed Conifer forest,living,Air dried,burn table, 2021-06-08,12:57:12,12:57:33,12:58:44,13:01:19,13:05:04,13:14:19,570.1,2201.4,499.2,N/A,completecombustion,High,451,570.1,7/11/2022,1,40
Burn03b,BSLE_0018,BSLE_0018A,douglas-fir; ponderosa pine,Mixed Conifer forest,living,Experimentally added moisture,burn table, 2021-06-08,13:00:33,13:02:31,13:09:02,13:10:33,13:15:29,13:15:29,622.3,3171.6,1183.2,N/A,endchar,Low,778,622.3,2/21/2022,25.1,1000
Burn03b,BSLE_0018,BSLE_0018B,douglas-fir; ponderosa pine,Mixed Conifer forest,living,Experimentally added moisture,burn table, 2021-06-08,13:00:33,13:02:31,13:09:02,13:10:33,13:15:29,13:15:29,622.3,3171.6,1183.2,N/A,endchar,Low,778,622.3,2/21/2022,25.8,1000
Burn03b,BSLE_0018,BSLE_0018C,douglas-fir; ponderosa pine,Mixed Conifer forest,living,Experimentally added moisture,burn table, 2021-06-08,13:00:33,13:02:31,13:09:02,13:10:33,13:15:29,13:15:29,622.3,3171.6,1183.2,N/A,endchar,Low,778,622.3,2/21/2022,25,1000
Burn03b,BSLE_0025,BSLE_0025A,douglas-fir; ponderosa pine,Mixed Conifer forest,living,Experimentally added moisture,burn table, 2021-06-08,13:00:33,13:02:31,13:09:02,13:10:33,13:15:29,13:15:29,622.3,3171.6,1183.2,N/A,600C,Low,482,615.9,4/4/2022,25.2,1000
Burn03b,BSLE_0025,BSLE_0025B,douglas-fir; ponderosa pine,Mixed Conifer forest,living,Experimentally added moisture,burn table, 2021-06-08,13:00:33,13:02:31,13:09:02,13:10:33,13:15:29,13:15:29,622.3,3171.6,1183.2,N/A,600C,Low,482,615.9,4/4/2022,25.3,1000
Burn03b,BSLE_0025,BSLE_0025C,douglas-fir; ponderosa pine,Mixed Conifer forest,living,Experimentally added moisture,burn table, 2021-06-08,13:00:33,13:02:31,13:09:02,13:10:33,13:15:29,13:15:29,622.3,3171.6,1183.2,N/A,600C,Low,482,615.9,4/4/2022,26.7,1000
Burn03b,BSLE_0036,BSLE_0036A,douglas-fir; ponderosa pine,Mixed Conifer forest,living,Experimentally added moisture,burn table, 2021-06-08,13:00:33,13:02:31,13:09:02,13:10:33,13:15:29,13:15:29,622.3,3171.6,1183.2,N/A,300C,Low,391,447,6/1/2022,25,1000
Burn03b,BSLE_0036,BSLE_0036B,douglas-fir; ponderosa pine,Mixed Conifer forest,living,Experimentally added moisture,burn table, 2021-06-08,13:00:33,13:02:31,13:09:02,13:10:33,13:15:29,13:15:29,622.3,3171.6,1183.2,N/A,300C,Low,391,447,6/1/2022,25.9,1000
Burn03b,BSLE_0036,BSLE_0036C,douglas-fir; ponderosa pine,Mixed Conifer forest,living,Experimentally added moisture,burn table, 2021-06-08,13:00:33,13:02:31,13:09:02,13:10:33,13:15:29,13:15:29,622.3,3171.6,1183.2,N/A,300C,Low,391,447,6/1/2022,25.3,1000
Burn04a,BSLE_0057,BSLE_0057A,big sagebrush,Sagebrush shrubland,living,Air dried,burn table, 2021-06-09,8:27:45,8:28:02,8:28:54,8:29:48,8:31:22,8:34:56,547.4,1000.1,150.3,N/A,endchar,Low,200,574.4,6/14/2022,10.1,400
Burn04a,BSLE_0057,BSLE_0057B,big sagebrush,Sagebrush shrubland,living,Air dried,burn table, 2021-06-09,8:27:45,8:28:02,8:28:54,8:29:48,8:31:22,8:34:56,547.4,1000.1,150.3,N/A,endchar,Low,200,574.4,6/15/2022,10.1,400
Burn04a,BSLE_0057,BSLE_0057C,big sagebrush,Sagebrush shrubland,living,Air dried,burn table, 2021-06-09,8:27:45,8:28:02,8:28:54,8:29:48,8:31:22,8:34:56,547.4,1000.1,150.3,N/A,endchar,Low,200,574.4,6/15/2022,10,400
Burn04a,BSLE_0066,BSLE_0066A,big sagebrush,Sagebrush shrubland,living,Air dried,burn table, 2021-06-09,8:27:45,8:28:02,8:28:54,8:29:48,8:31:22,8:34:56,547.4,1000.1,150.3,N/A,600C,Low,106,538.9,6/15/2022,8,320
Burn04a,BSLE_0066,BSLE_0066B,big sagebrush,Sagebrush shrubland,living,Air dried,burn table, 2021-06-09,8:27:45,8:28:02,8:28:54,8:29:48,8:31:22,8:34:56,547.4,1000.1,150.3,N/A,600C,Low,106,538.9,6/15/2022,8.1,320
Burn04a,BSLE_0066,BSLE_0066C,big sagebrush,Sagebrush shrubland,living,Air dried,burn table, 2021-06-09,8:27:45,8:28:02,8:28:54,8:29:48,8:31:22,8:34:56,547.4,1000.1,150.3,N/A,600C,Low,106,538.9,6/15/2022,8.3,320
Burn04a,BSLE_0068,BSLE_0068A,big sagebrush,Sagebrush shrubland,living,Air dried,burn table, 2021-06-09,8:27:45,8:28:02,8:28:54,8:29:48,8:31:22,8:34:56,547.4,1000.1,150.3,N/A,completecombustion,Moderate,200,547.4,5/24/2022,6,240
Burn04a,BSLE_0068,BSLE_0068B,big sagebrush,Sagebrush shrubland,living,Air dried,burn table, 2021-06-09,8:27:45,8:28:02,8:28:54,8:29:48,8:31:22,8:34:56,547.4,1000.1,150.3,N/A,completecombustion,Moderate,200,547.4,5/24/2022,6,240
Burn04a,BSLE_0068,BSLE_0068C,big sagebrush,Sagebrush shrubland,living,Air dried,burn table, 2021-06-09,8:27:45,8:28:02,8:28:54,8:29:48,8:31:22,8:34:56,547.4,1000.1,150.3,N/A,completecombustion,Moderate,200,547.4,5/24/2022,6.1,240
Burn04a,BSLE_0070,BSLE_0070A,big sagebrush,Sagebrush shrubland,living,Air dried,burn table, 2021-06-09,8:27:45,8:28:02,8:28:54,8:29:48,8:31:22,8:34:56,547.4,1000.1,150.3,N/A,300C,Low,52,278.3,6/15/2022,5,200
Burn04a,BSLE_0070,BSLE_0070B,big sagebrush,Sagebrush shrubland,living,Air dried,burn table, 2021-06-09,8:27:45,8:28:02,8:28:54,8:29:48,8:31:22,8:34:56,547.4,1000.1,150.3,N/A,300C,Low,52,278.3,6/15/2022,5.1,200
Burn04a,BSLE_0070,BSLE_0070C,big sagebrush,Sagebrush shrubland,living,Air dried,burn table, 2021-06-09,8:27:45,8:28:02,8:28:54,8:29:48,8:31:22,8:34:56,547.4,1000.1,150.3,N/A,300C,Low,52,278.3,6/15/2022,5.2,200
Burn04b,BSLE_0009,BSLE_0009A,big sagebrush,Sagebrush shrubland,living,Experimentally added moisture,burn table, 2021-06-09,8:29:18,8:29:29,8:30:26,-9999,8:32:53,8:35:07,511.5,1032.9,219.4,reach 450 degC but stopped climbing. No 600 degC grab sample taken.,endchar,Low,204,511.5,10/29/2021,25,1000
Burn04b,BSLE_0009,BSLE_0009B,big sagebrush,Sagebrush shrubland,living,Experimentally added moisture,burn table, 2021-06-09,8:29:18,8:29:29,8:30:26,-9999,8:32:53,8:35:07,511.5,1032.9,219.4,reach 450 degC but stopped climbing. No 600 degC grab sample taken.,endchar,Low,204,511.5,11/2/2021,25.3,1000
Burn04b,BSLE_0009,BSLE_0009C,big sagebrush,Sagebrush shrubland,living,Experimentally added moisture,burn table, 2021-06-09,8:29:18,8:29:29,8:30:26,-9999,8:32:53,8:35:07,511.5,1032.9,219.4,reach 450 degC but stopped climbing. No 600 degC grab sample taken.,endchar,Low,204,511.5,11/3/2021,25,1000
Burn04b,BSLE_0011,BSLE_0011A,big sagebrush,Sagebrush shrubland,living,Experimentally added moisture,burn table, 2021-06-09,8:29:18,8:29:29,8:30:26,-9999,8:32:53,8:35:07,511.5,1032.9,219.4,reach 450 degC but stopped climbing. No 600 degC grab sample taken.,300C,Low,57,308.4,10/29/2021,25,1000
Burn04b,BSLE_0011,BSLE_0011B,big sagebrush,Sagebrush shrubland,living,Experimentally added moisture,burn table, 2021-06-09,8:29:18,8:29:29,8:30:26,-9999,8:32:53,8:35:07,511.5,1032.9,219.4,reach 450 degC but stopped climbing. No 600 degC grab sample taken.,300C,Low,57,308.4,11/2/2021,25.1,1000
Burn04b,BSLE_0011,BSLE_0011C,big sagebrush,Sagebrush shrubland,living,Experimentally added moisture,burn table, 2021-06-09,8:29:18,8:29:29,8:30:26,-9999,8:32:53,8:35:07,511.5,1032.9,219.4,reach 450 degC but stopped climbing. No 600 degC grab sample taken.,300C,Low,57,308.4,11/3/2021,25.1,1000
Burn04b,BSLE_0072,BSLE_0072A,big sagebrush,Sagebrush shrubland,living,Experimentally added moisture,burn table, 2021-06-09,8:29:18,8:29:29,8:30:26,-9999,8:32:53,8:35:07,511.5,1032.9,219.4,reach 450 degC but stopped climbing. No 600 degC grab sample taken.,completecombustion,Moderate,204,511.5,5/12/2022,1.3637,52
Burn04b,BSLE_0072,BSLE_0072B,big sagebrush,Sagebrush shrubland,living,Experimentally added moisture,burn table, 2021-06-09,8:29:18,8:29:29,8:30:26,-9999,8:32:53,8:35:07,511.5,1032.9,219.4,reach 450 degC but stopped climbing. No 600 degC grab sample taken.,completecombustion,Moderate,204,511.5,5/12/2022,1.3356,52
Burn04b,BSLE_0072,BSLE_0072C,big sagebrush,Sagebrush shrubland,living,Experimentally added moisture,burn table, 2021-06-09,8:29:18,8:29:29,8:30:26,-9999,8:32:53,8:35:07,511.5,1032.9,219.4,reach 450 degC but stopped climbing. No 600 degC grab sample taken.,completecombustion,Moderate,204,511.5,5/12/2022,1.3247,52
Burn06a,BSLE_0030,BSLE_0030A,ponderosa pine; big sagebrush,Mountain woodland,dead,Air dried,burn table, 2021-06-09,9:54:25,9:54:33,9:55:48,9:56:22,10:00:17,10:06:11,602.5,1550.7,286.6,N/A,600C,Low,109,602.5,6/8/2022,25,1000
Burn06a,BSLE_0030,BSLE_0030B,ponderosa pine; big sagebrush,Mountain woodland,dead,Air dried,burn table, 2021-06-09,9:54:25,9:54:33,9:55:48,9:56:22,10:00:17,10:06:11,602.5,1550.7,286.6,N/A,600C,Low,109,602.5,6/8/2022,25.2,1000
Burn06a,BSLE_0030,BSLE_0030C,ponderosa pine; big sagebrush,Mountain woodland,dead,Air dried,burn table, 2021-06-09,9:54:25,9:54:33,9:55:48,9:56:22,10:00:17,10:06:11,602.5,1550.7,286.6,N/A,600C,Low,109,602.5,6/8/2022,25,1000
Burn06a,BSLE_0060,BSLE_0060A,ponderosa pine; big sagebrush,Mountain woodland,dead,Air dried,burn table, 2021-06-09,9:54:25,9:54:33,9:55:48,9:56:22,10:00:17,10:06:11,602.5,1550.7,286.6,N/A,endchar,Moderate,344,602.5,6/14/2022,15,600
Burn06a,BSLE_0060,BSLE_0060B,ponderosa pine; big sagebrush,Mountain woodland,dead,Air dried,burn table, 2021-06-09,9:54:25,9:54:33,9:55:48,9:56:22,10:00:17,10:06:11,602.5,1550.7,286.6,N/A,endchar,Moderate,344,602.5,6/14/2022,15.7,600
Burn06a,BSLE_0060,BSLE_0060C,ponderosa pine; big sagebrush,Mountain woodland,dead,Air dried,burn table, 2021-06-09,9:54:25,9:54:33,9:55:48,9:56:22,10:00:17,10:06:11,602.5,1550.7,286.6,N/A,endchar,Moderate,344,602.5,6/14/2022,15.1,600
Burn06a,BSLE_0063,BSLE_0063A,ponderosa pine; big sagebrush,Mountain woodland,dead,Air dried,burn table, 2021-06-09,9:54:25,9:54:33,9:55:48,9:56:22,10:00:17,10:06:11,602.5,1550.7,286.6,N/A,300C,Low,75,299.1,6/14/2022,8,320
Burn06a,BSLE_0063,BSLE_0063B,ponderosa pine; big sagebrush,Mountain woodland,dead,Air dried,burn table, 2021-06-09,9:54:25,9:54:33,9:55:48,9:56:22,10:00:17,10:06:11,602.5,1550.7,286.6,N/A,300C,Low,75,299.1,6/14/2022,8,320
Burn06a,BSLE_0063,BSLE_0063C,ponderosa pine; big sagebrush,Mountain woodland,dead,Air dried,burn table, 2021-06-09,9:54:25,9:54:33,9:55:48,9:56:22,10:00:17,10:06:11,602.5,1550.7,286.6,N/A,300C,Low,75,299.1,6/14/2022,8.3,320
Burn06a,BSLE_0079,BSLE_0079A,ponderosa pine; big sagebrush,Mountain woodland,dead,Air dried,burn table, 2021-06-09,9:54:25,9:54:33,9:55:48,9:56:22,10:00:17,10:06:11,602.5,1550.7,286.6,N/A,completecombustion,High,344,602.5,7/11/2022,2.5,100
Burn06a,BSLE_0079,BSLE_0079B,ponderosa pine; big sagebrush,Mountain woodland,dead,Air dried,burn table, 2021-06-09,9:54:25,9:54:33,9:55:48,9:56:22,10:00:17,10:06:11,602.5,1550.7,286.6,N/A,completecombustion,High,344,602.5,7/11/2022,2.6,100
Burn06a,BSLE_0079,BSLE_0079C,ponderosa pine; big sagebrush,Mountain woodland,dead,Air dried,burn table, 2021-06-09,9:54:25,9:54:33,9:55:48,9:56:22,10:00:17,10:06:11,602.5,1550.7,286.6,N/A,completecombustion,High,344,602.5,7/11/2022,2.6,100
Burn06b,BSLE_0019,BSLE_0019A,ponderosa pine; big sagebrush,Mountain woodland,dead,Experimentally added moisture,burn table, 2021-06-09,9:56:36,9:56:50,9:59:35,-9999,10:08:19,10:09:48,477.9,1637.6,818.8,burning did not reach 600 degC; no 600 degC grab sample or complete combustion sample was taken.,endchar,Low,689,477.9,6/7/2022,25.2,1000
Burn06b,BSLE_0019,BSLE_0019B,ponderosa pine; big sagebrush,Mountain woodland,dead,Experimentally added moisture,burn table, 2021-06-09,9:56:36,9:56:50,9:59:35,-9999,10:08:19,10:09:48,477.9,1637.6,818.8,burning did not reach 600 degC; no 600 degC grab sample or complete combustion sample was taken.,endchar,Low,689,477.9,6/8/2022,25.6,1000
Burn06b,BSLE_0019,BSLE_0019C,ponderosa pine; big sagebrush,Mountain woodland,dead,Experimentally added moisture,burn table, 2021-06-09,9:56:36,9:56:50,9:59:35,-9999,10:08:19,10:09:48,477.9,1637.6,818.8,burning did not reach 600 degC; no 600 degC grab sample or complete combustion sample was taken.,endchar,Low,689,477.9,6/8/2022,26,1000
Burn06b,BSLE_0031,BSLE_0031A,ponderosa pine; big sagebrush,Mountain woodland,dead,Experimentally added moisture,burn table, 2021-06-09,9:56:36,9:56:50,9:59:35,-9999,10:08:19,10:09:48,477.9,1637.6,818.8,burning did not reach 600 degC; no 600 degC grab sample or complete combustion sample was taken.,300C,Low,165,389.1,6/8/2022,25.1,1000
Burn06b,BSLE_0031,BSLE_0031B,ponderosa pine; big sagebrush,Mountain woodland,dead,Experimentally added moisture,burn table, 2021-06-09,9:56:36,9:56:50,9:59:35,-9999,10:08:19,10:09:48,477.9,1637.6,818.8,burning did not reach 600 degC; no 600 degC grab sample or complete combustion sample was taken.,300C,Low,165,389.1,6/8/2022,25.1,1000
Burn06b,BSLE_0031,BSLE_0031C,ponderosa pine; big sagebrush,Mountain woodland,dead,Experimentally added moisture,burn table, 2021-06-09,9:56:36,9:56:50,9:59:35,-9999,10:08:19,10:09:48,477.9,1637.6,818.8,burning did not reach 600 degC; no 600 degC grab sample or complete combustion sample was taken.,300C,Low,165,389.1,6/8/2022,25,1000
Burn07a,BSLE_0033,BSLE_0033A,ponderosa pine; big sagebrush,Mountain woodland,living,Air dried,burn table, 2021-06-09,11:00:02,11:00:10,11:02:31,11:03:51,11:04:39,11:09:45,736.6,1556.4,368,N/A,endchar,Moderate,269,736.6,6/6/2022,25.3,1000
Burn07a,BSLE_0033,BSLE_0033B,ponderosa pine; big sagebrush,Mountain woodland,living,Air dried,burn table, 2021-06-09,11:00:02,11:00:10,11:02:31,11:03:51,11:04:39,11:09:45,736.6,1556.4,368,N/A,endchar,Moderate,269,736.6,6/6/2022,25,1000
Burn07a,BSLE_0033,BSLE_0033C,ponderosa pine; big sagebrush,Mountain woodland,living,Air dried,burn table, 2021-06-09,11:00:02,11:00:10,11:02:31,11:03:51,11:04:39,11:09:45,736.6,1556.4,368,N/A,endchar,Moderate,269,736.6,6/6/2022,25.5,1000
Burn07a,BSLE_0035,BSLE_0035A,ponderosa pine; big sagebrush,Mountain woodland,living,Air dried,burn table, 2021-06-09,11:00:02,11:00:10,11:02:31,11:03:51,11:04:39,11:09:45,736.6,1556.4,368,N/A,300C,Low,141,336.9,6/6/2022,25,1000
Burn07a,BSLE_0035,BSLE_0035B,ponderosa pine; big sagebrush,Mountain woodland,living,Air dried,burn table, 2021-06-09,11:00:02,11:00:10,11:02:31,11:03:51,11:04:39,11:09:45,736.6,1556.4,368,N/A,300C,Low,141,336.9,6/6/2022,25.1,1000
Burn07a,BSLE_0035,BSLE_0035C,ponderosa pine; big sagebrush,Mountain woodland,living,Air dried,burn table, 2021-06-09,11:00:02,11:00:10,11:02:31,11:03:51,11:04:39,11:09:45,736.6,1556.4,368,N/A,300C,Low,141,336.9,6/6/2022,25.7,1000
Burn07a,BSLE_0056,BSLE_0056A,ponderosa pine; big sagebrush,Mountain woodland,living,Air dried,burn table, 2021-06-09,11:00:02,11:00:10,11:02:31,11:03:51,11:04:39,11:09:45,736.6,1556.4,368,N/A,600C,Moderate,221,590.8,6/7/2022,15,600
Burn07a,BSLE_0056,BSLE_0056B,ponderosa pine; big sagebrush,Mountain woodland,living,Air dried,burn table, 2021-06-09,11:00:02,11:00:10,11:02:31,11:03:51,11:04:39,11:09:45,736.6,1556.4,368,N/A,600C,Moderate,221,590.8,6/7/2022,15,600
Burn07a,BSLE_0056,BSLE_0056C,ponderosa pine; big sagebrush,Mountain woodland,living,Air dried,burn table, 2021-06-09,11:00:02,11:00:10,11:02:31,11:03:51,11:04:39,11:09:45,736.6,1556.4,368,N/A,600C,Moderate,221,590.8,6/7/2022,15.1,600
Burn07a,BSLE_0084,BSLE_0084A,ponderosa pine; big sagebrush,Mountain woodland,living,Air dried,burn table, 2021-06-09,11:00:02,11:00:10,11:02:31,11:03:51,11:04:39,11:09:45,736.6,1556.4,368,N/A,completecombustion,High,269,736.6,7/11/2022,1,40
Burn07a,BSLE_0084,BSLE_0084B,ponderosa pine; big sagebrush,Mountain woodland,living,Air dried,burn table, 2021-06-09,11:00:02,11:00:10,11:02:31,11:03:51,11:04:39,11:09:45,736.6,1556.4,368,N/A,completecombustion,High,269,736.6,7/11/2022,1,40
Burn07a,BSLE_0084,BSLE_0084C,ponderosa pine; big sagebrush,Mountain woodland,living,Air dried,burn table, 2021-06-09,11:00:02,11:00:10,11:02:31,11:03:51,11:04:39,11:09:45,736.6,1556.4,368,N/A,completecombustion,High,269,736.6,7/12/2022,1,40
Burn07b,BSLE_0021,BSLE_0021A,ponderosa pine; big sagebrush,Mountain woodland,living,Experimentally added moisture,burn table, 2021-06-09,11:02:09,11:03:16,11:06:35,11:08:14,11:09:22,11:12:30,634.5,1431.9,642.6,N/A,endchar,Low,366,634.5,6/1/2022,25.2,1000
Burn07b,BSLE_0021,BSLE_0021B,ponderosa pine; big sagebrush,Mountain woodland,living,Experimentally added moisture,burn table, 2021-06-09,11:02:09,11:03:16,11:06:35,11:08:14,11:09:22,11:12:30,634.5,1431.9,642.6,N/A,endchar,Low,366,634.5,6/1/2022,25.5,1000
Burn07b,BSLE_0021,BSLE_0021C,ponderosa pine; big sagebrush,Mountain woodland,living,Experimentally added moisture,burn table, 2021-06-09,11:02:09,11:03:16,11:06:35,11:08:14,11:09:22,11:12:30,634.5,1431.9,642.6,N/A,endchar,Low,366,634.5,6/1/2022,25,1000
Burn07b,BSLE_0026,BSLE_0026A,ponderosa pine; big sagebrush,Mountain woodland,living,Experimentally added moisture,burn table, 2021-06-09,11:02:09,11:03:16,11:06:35,11:08:14,11:09:22,11:12:30,634.5,1431.9,642.6,N/A,600C,Moderate,298,584.8,6/2/2022,26.1,1000
Burn07b,BSLE_0026,BSLE_0026B,ponderosa pine; big sagebrush,Mountain woodland,living,Experimentally added moisture,burn table, 2021-06-09,11:02:09,11:03:16,11:06:35,11:08:14,11:09:22,11:12:30,634.5,1431.9,642.6,N/A,600C,Moderate,298,584.8,6/2/2022,25,1000
Burn07b,BSLE_0026,BSLE_0026C,ponderosa pine; big sagebrush,Mountain woodland,living,Experimentally added moisture,burn table, 2021-06-09,11:02:09,11:03:16,11:06:35,11:08:14,11:09:22,11:12:30,634.5,1431.9,642.6,N/A,600C,Moderate,298,584.8,6/2/2022,25.1,1000
Burn07b,BSLE_0032,BSLE_0032A,ponderosa pine; big sagebrush,Mountain woodland,living,Experimentally added moisture,burn table, 2021-06-09,11:02:09,11:03:16,11:06:35,11:08:14,11:09:22,11:12:30,634.5,1431.9,642.6,N/A,300C,Low,199,279.6,6/2/2022,25.8,1000
Burn07b,BSLE_0032,BSLE_0032B,ponderosa pine; big sagebrush,Mountain woodland,living,Experimentally added moisture,burn table, 2021-06-09,11:02:09,11:03:16,11:06:35,11:08:14,11:09:22,11:12:30,634.5,1431.9,642.6,N/A,300C,Low,199,279.6,6/2/2022,25.1,1000
Burn07b,BSLE_0032,BSLE_0032C,ponderosa pine; big sagebrush,Mountain woodland,living,Experimentally added moisture,burn table, 2021-06-09,11:02:09,11:03:16,11:06:35,11:08:14,11:09:22,11:12:30,634.5,1431.9,642.6,N/A,300C,Low,199,279.6,6/2/2022,25,1000
Burn07b,BSLE_0086,BSLE_0086A,ponderosa pine; big sagebrush,Mountain woodland,living,Experimentally added moisture,burn table, 2021-06-09,11:02:09,11:03:16,11:06:35,11:08:14,11:09:22,11:12:30,634.5,1431.9,642.6,N/A,completecombustion,High,366,634.5,7/12/2022,1,40
Burn07b,BSLE_0086,BSLE_0086B,ponderosa pine; big sagebrush,Mountain woodland,living,Experimentally added moisture,burn table, 2021-06-09,11:02:09,11:03:16,11:06:35,11:08:14,11:09:22,11:12:30,634.5,1431.9,642.6,N/A,completecombustion,High,366,634.5,7/12/2022,1,40
Burn07b,BSLE_0086,BSLE_0086C,ponderosa pine; big sagebrush,Mountain woodland,living,Experimentally added moisture,burn table, 2021-06-09,11:02:09,11:03:16,11:06:35,11:08:14,11:09:22,11:12:30,634.5,1431.9,642.6,N/A,completecombustion,High,366,634.5,7/12/2022,1,40
Burn08a,BSLE_0008,BSLE_0008A,douglas-fir,Douglas-fir forest,dead,Air dried,burn table, 2021-06-09,11:47:13,11:47:29,11:48:34,11:50:41,11:58:11,12:03:53,736,2016.9,338.1,N/A,300C,Low,65,372.8,10/26/2021,25.2,1000
Burn08a,BSLE_0008,BSLE_0008B,douglas-fir,Douglas-fir forest,dead,Air dried,burn table, 2021-06-09,11:47:13,11:47:29,11:48:34,11:50:41,11:58:11,12:03:53,736,2016.9,338.1,N/A,300C,Low,65,372.8,10/27/2021,25.5,1000
Burn08a,BSLE_0008,BSLE_0008C,douglas-fir,Douglas-fir forest,dead,Air dried,burn table, 2021-06-09,11:47:13,11:47:29,11:48:34,11:50:41,11:58:11,12:03:53,736,2016.9,338.1,N/A,300C,Low,65,372.8,10/28/2021,25.3,1000
Burn08a,BSLE_0010,BSLE_0010A,douglas-fir,Douglas-fir forest,dead,Air dried,burn table, 2021-06-09,11:47:13,11:47:29,11:48:34,11:50:41,11:58:11,12:03:53,736,2016.9,338.1,N/A,600C,Low,192,626.5,10/29/2021,25,1000
Burn08a,BSLE_0010,BSLE_0010B,douglas-fir,Douglas-fir forest,dead,Air dried,burn table, 2021-06-09,11:47:13,11:47:29,11:48:34,11:50:41,11:58:11,12:03:53,736,2016.9,338.1,N/A,600C,Low,192,626.5,11/2/2021,25,1000
Burn08a,BSLE_0010,BSLE_0010C,douglas-fir,Douglas-fir forest,dead,Air dried,burn table, 2021-06-09,11:47:13,11:47:29,11:48:34,11:50:41,11:58:11,12:03:53,736,2016.9,338.1,N/A,600C,Low,192,626.5,11/3/2021,24.9,1000
Burn08a,BSLE_0050,BSLE_0050A,douglas-fir,Douglas-fir forest,dead,Air dried,burn table, 2021-06-09,11:47:13,11:47:29,11:48:34,11:50:41,11:58:11,12:03:53,736,2016.9,338.1,N/A,endchar,High,642,736,4/4/2022,20,800
Burn08a,BSLE_0050,BSLE_0050B,douglas-fir,Douglas-fir forest,dead,Air dried,burn table, 2021-06-09,11:47:13,11:47:29,11:48:34,11:50:41,11:58:11,12:03:53,736,2016.9,338.1,N/A,endchar,High,642,736,4/4/2022,20.3,800
Burn08a,BSLE_0050,BSLE_0050C,douglas-fir,Douglas-fir forest,dead,Air dried,burn table, 2021-06-09,11:47:13,11:47:29,11:48:34,11:50:41,11:58:11,12:03:53,736,2016.9,338.1,N/A,endchar,High,642,736,4/4/2022,20.1,800
Burn08a,BSLE_0067,BSLE_0067A,douglas-fir,Douglas-fir forest,dead,Air dried,burn table, 2021-06-09,11:47:13,11:47:29,11:48:34,11:50:41,11:58:11,12:03:53,736,2016.9,338.1,N/A,completecombustion,High,642,736,5/24/2022,7,281
Burn08a,BSLE_0067,BSLE_0067B,douglas-fir,Douglas-fir forest,dead,Air dried,burn table, 2021-06-09,11:47:13,11:47:29,11:48:34,11:50:41,11:58:11,12:03:53,736,2016.9,338.1,N/A,completecombustion,High,642,736,5/24/2022,7,281
Burn08a,BSLE_0067,BSLE_0067C,douglas-fir,Douglas-fir forest,dead,Air dried,burn table, 2021-06-09,11:47:13,11:47:29,11:48:34,11:50:41,11:58:11,12:03:53,736,2016.9,338.1,N/A,completecombustion,High,642,736,5/24/2022,7.1,281
Burn08b,BSLE_0002,BSLE_0002A,douglas-fir,Douglas-fir forest,dead,Experimentally added moisture,burn table, 2021-06-09,11:50:00,11:51:22,11:53:11,11:54:47,12:04:35,12:05:56,756.6,2500.9,540,N/A,endchar,Moderate,793,756.6,10/26/2021,25.3,1000
Burn08b,BSLE_0002,BSLE_0002B,douglas-fir,Douglas-fir forest,dead,Experimentally added moisture,burn table, 2021-06-09,11:50:00,11:51:22,11:53:11,11:54:47,12:04:35,12:05:56,756.6,2500.9,540,N/A,endchar,Moderate,793,756.6,10/27/2021,25,1000
Burn08b,BSLE_0002,BSLE_0002C,douglas-fir,Douglas-fir forest,dead,Experimentally added moisture,burn table, 2021-06-09,11:50:00,11:51:22,11:53:11,11:54:47,12:04:35,12:05:56,756.6,2500.9,540,N/A,endchar,Moderate,793,756.6,10/28/2021,25.2,1000
Burn08b,BSLE_0007,BSLE_0007A,douglas-fir,Douglas-fir forest,dead,Experimentally added moisture,burn table, 2021-06-09,11:50:00,11:51:22,11:53:11,11:54:47,12:04:35,12:05:56,756.6,2500.9,540,N/A,300C,Low,189,295.3,10/26/2021,27.3,1000
Burn08b,BSLE_0007,BSLE_0007B,douglas-fir,Douglas-fir forest,dead,Experimentally added moisture,burn table, 2021-06-09,11:50:00,11:51:22,11:53:11,11:54:47,12:04:35,12:05:56,756.6,2500.9,540,N/A,300C,Low,189,295.3,10/27/2021,25.3,1000
Burn08b,BSLE_0007,BSLE_0007C,douglas-fir,Douglas-fir forest,dead,Experimentally added moisture,burn table, 2021-06-09,11:50:00,11:51:22,11:53:11,11:54:47,12:04:35,12:05:56,756.6,2500.9,540,N/A,300C,Low,189,295.3,10/28/2021,29.5,1000
Burn08b,BSLE_0058,BSLE_0058A,douglas-fir,Douglas-fir forest,dead,Experimentally added moisture,burn table, 2021-06-09,11:50:00,11:51:22,11:53:11,11:54:47,12:04:35,12:05:56,756.6,2500.9,540,N/A,600C,Moderate,205,605.9,4/11/2022,12.1,480
Burn08b,BSLE_0058,BSLE_0058B,douglas-fir,Douglas-fir forest,dead,Experimentally added moisture,burn table, 2021-06-09,11:50:00,11:51:22,11:53:11,11:54:47,12:04:35,12:05:56,756.6,2500.9,540,N/A,600C,Moderate,205,605.9,4/11/2022,12,480
Burn08b,BSLE_0058,BSLE_0058C,douglas-fir,Douglas-fir forest,dead,Experimentally added moisture,burn table, 2021-06-09,11:50:00,11:51:22,11:53:11,11:54:47,12:04:35,12:05:56,756.6,2500.9,540,N/A,600C,Moderate,205,605.9,4/11/2022,12,480
Burn08b,BSLE_0071,BSLE_0071A,douglas-fir,Douglas-fir forest,dead,Experimentally added moisture,burn table, 2021-06-09,11:50:00,11:51:22,11:53:11,11:54:47,12:04:35,12:05:56,756.6,2500.9,540,N/A,completecombustion,High,793,756.6,5/12/2022,3.5439,140
Burn08b,BSLE_0071,BSLE_0071B,douglas-fir,Douglas-fir forest,dead,Experimentally added moisture,burn table, 2021-06-09,11:50:00,11:51:22,11:53:11,11:54:47,12:04:35,12:05:56,756.6,2500.9,540,N/A,completecombustion,High,793,756.6,5/12/2022,3.5148,140
Burn08b,BSLE_0071,BSLE_0071C,douglas-fir,Douglas-fir forest,dead,Experimentally added moisture,burn table, 2021-06-09,11:50:00,11:51:22,11:53:11,11:54:47,12:04:35,12:05:56,756.6,2500.9,540,N/A,completecombustion,High,793,756.6,5/12/2022,3.5522,140
Burn10,BSLE_0006,BSLE_0006A,douglas-fir,Douglas-fir forest,living,Air dried,muffle; 1 hour, 2021-04-12,-9999,-9999,-9999,-9999,-9999,-9999,250,296.7,202.8,muffle furnace vent was closed during 3 burn reps,muffle,Low_muffle,3600,250,10/26/2021,25,1000
Burn10,BSLE_0006,BSLE_0006B,douglas-fir,Douglas-fir forest,living,Air dried,muffle; 1 hour, 2021-04-12,-9999,-9999,-9999,-9999,-9999,-9999,250,296.7,202.8,muffle furnace vent was closed during 3 burn reps,muffle,Low_muffle,3600,250,10/27/2021,25.1,1000
Burn10,BSLE_0006,BSLE_0006C,douglas-fir,Douglas-fir forest,living,Air dried,muffle; 1 hour, 2021-04-12,-9999,-9999,-9999,-9999,-9999,-9999,250,296.7,202.8,muffle furnace vent was closed during 3 burn reps,muffle,Low_muffle,3600,250,10/28/2021,25.2,1000
Burn11,BSLE_0004,BSLE_0004A,douglas-fir,Douglas-fir forest,dead,Air dried,muffle; 1 hour, 2021-04-12,-9999,-9999,-9999,-9999,-9999,-9999,250,303.7,226.1,muffle furnace vent was closed during 3 burn reps,muffle,Low_muffle,3600,250,10/26/2021,25,1000
Burn11,BSLE_0004,BSLE_0004B,douglas-fir,Douglas-fir forest,dead,Air dried,muffle; 1 hour, 2021-04-12,-9999,-9999,-9999,-9999,-9999,-9999,250,303.7,226.1,muffle furnace vent was closed during 3 burn reps,muffle,Low_muffle,3600,250,10/27/2021,25.1,1000
Burn11,BSLE_0004,BSLE_0004C,douglas-fir,Douglas-fir forest,dead,Air dried,muffle; 1 hour, 2021-04-12,-9999,-9999,-9999,-9999,-9999,-9999,250,303.7,226.1,muffle furnace vent was closed during 3 burn reps,muffle,Low_muffle,3600,250,10/28/2021,25.1,1000
Burn12,BSLE_0005,BSLE_0005A,douglas-fir,Douglas-fir forest,living,Experimentally added moisture,muffle; 1 hour, 2021-04-13,-9999,-9999,-9999,-9999,-9999,-9999,250,302.9,221.4,N/A,muffle,Low_muffle,3600,250,10/26/2021,25.1,1000
Burn12,BSLE_0005,BSLE_0005B,douglas-fir,Douglas-fir forest,living,Experimentally added moisture,muffle; 1 hour, 2021-04-13,-9999,-9999,-9999,-9999,-9999,-9999,250,302.9,221.4,N/A,muffle,Low_muffle,3600,250,10/27/2021,25,1000
Burn12,BSLE_0005,BSLE_0005C,douglas-fir,Douglas-fir forest,living,Experimentally added moisture,muffle; 1 hour, 2021-04-13,-9999,-9999,-9999,-9999,-9999,-9999,250,302.9,221.4,N/A,muffle,Low_muffle,3600,250,10/28/2021,25,1000
Burn13,BSLE_0003,BSLE_0003A,douglas-fir,Douglas-fir forest,dead,Experimentally added moisture,muffle; 1 hour, 2021-04-13,-9999,-9999,-9999,-9999,-9999,-9999,250,304.7,235.3,N/A,muffle,Low_muffle,3600,250,10/26/2021,25.1,1000
Burn13,BSLE_0003,BSLE_0003B,douglas-fir,Douglas-fir forest,dead,Experimentally added moisture,muffle; 1 hour, 2021-04-13,-9999,-9999,-9999,-9999,-9999,-9999,250,304.7,235.3,N/A,muffle,Low_muffle,3600,250,10/27/2021,25.3,1000
Burn13,BSLE_0003,BSLE_0003C,douglas-fir,Douglas-fir forest,dead,Experimentally added moisture,muffle; 1 hour, 2021-04-13,-9999,-9999,-9999,-9999,-9999,-9999,250,304.7,235.3,N/A,muffle,Low_muffle,3600,250,10/28/2021,25,1000
Burn14,BSLE_0024,BSLE_0024A,douglas-fir; ponderosa pine,Mixed Conifer forest,dead,Air dried,muffle; 1 hour, 2021-04-15,-9999,-9999,-9999,-9999,-9999,-9999,250,280,216.7,N/A,muffle,Low_muffle,3600,250,2/8/2022,25.2,1000
Burn14,BSLE_0024,BSLE_0024B,douglas-fir; ponderosa pine,Mixed Conifer forest,dead,Air dried,muffle; 1 hour, 2021-04-15,-9999,-9999,-9999,-9999,-9999,-9999,250,280,216.7,N/A,muffle,Low_muffle,3600,250,2/8/2022,25,1000
Burn14,BSLE_0024,BSLE_0024C,douglas-fir; ponderosa pine,Mixed Conifer forest,dead,Air dried,muffle; 1 hour, 2021-04-15,-9999,-9999,-9999,-9999,-9999,-9999,250,280,216.7,N/A,muffle,Low_muffle,3600,250,2/8/2022,25.1,1000
Burn15,BSLE_0027,BSLE_0027A,douglas-fir; ponderosa pine,Mixed Conifer forest,living,Air dried,muffle; 1 hour, 2021-04-15,-9999,-9999,-9999,-9999,-9999,-9999,250,300.4,176.3,N/A,muffle,Low_muffle,3600,250,2/21/2022,25.2,1000
Burn15,BSLE_0027,BSLE_0027B,douglas-fir; ponderosa pine,Mixed Conifer forest,living,Air dried,muffle; 1 hour, 2021-04-15,-9999,-9999,-9999,-9999,-9999,-9999,250,300.4,176.3,N/A,muffle,Low_muffle,3600,250,4/4/2022,25.6,1000
Burn15,BSLE_0027,BSLE_0027C,douglas-fir; ponderosa pine,Mixed Conifer forest,living,Air dried,muffle; 1 hour, 2021-04-15,-9999,-9999,-9999,-9999,-9999,-9999,250,300.4,176.3,N/A,muffle,Low_muffle,3600,250,4/4/2022,25.6,1000
Burn16,BSLE_0022,BSLE_0022A,douglas-fir; ponderosa pine,Mixed Conifer forest,dead,Experimentally added moisture,muffle; 1 hour, 2021-04-20,-9999,-9999,-9999,-9999,-9999,-9999,250,305.6,252.6,N/A,muffle,Low_muffle,3600,250,1/17/2022,25.6,1000
Burn16,BSLE_0022,BSLE_0022B,douglas-fir; ponderosa pine,Mixed Conifer forest,dead,Experimentally added moisture,muffle; 1 hour, 2021-04-20,-9999,-9999,-9999,-9999,-9999,-9999,250,305.6,252.6,N/A,muffle,Low_muffle,3600,250,1/17/2022,25,1000
Burn16,BSLE_0022,BSLE_0022C,douglas-fir; ponderosa pine,Mixed Conifer forest,dead,Experimentally added moisture,muffle; 1 hour, 2021-04-20,-9999,-9999,-9999,-9999,-9999,-9999,250,305.6,252.6,N/A,muffle,Low_muffle,3600,250,1/17/2022,25.2,1000
Burn17,BSLE_0047,BSLE_0047A,douglas-fir; ponderosa pine,Mixed Conifer forest,living,Experimentally added moisture,muffle; 1 hour, 2021-04-20,-9999,-9999,-9999,-9999,-9999,-9999,250,310.3,208,N/A,muffle,Low_muffle,3600,250,2/7/2022,26.1,1000
Burn17,BSLE_0047,BSLE_0047B,douglas-fir; ponderosa pine,Mixed Conifer forest,living,Experimentally added moisture,muffle; 1 hour, 2021-04-20,-9999,-9999,-9999,-9999,-9999,-9999,250,310.3,208,N/A,muffle,Low_muffle,3600,250,2/7/2022,25,1000
Burn17,BSLE_0047,BSLE_0047C,douglas-fir; ponderosa pine,Mixed Conifer forest,living,Experimentally added moisture,muffle; 1 hour, 2021-04-20,-9999,-9999,-9999,-9999,-9999,-9999,250,310.3,208,N/A,muffle,Low_muffle,3600,250,2/7/2022,25.4,1000
Burn18,BSLE_0042,BSLE_0042A,ponderosa pine; big sagebrush,Mountain woodland,dead,Air dried,muffle; 1 hour, 2021-08-23,-9999,-9999,-9999,-9999,-9999,-9999,250,194.1,140.6,N/A,muffle,Low_muffle,3600,250,6/13/2022,25,1000
Burn18,BSLE_0042,BSLE_0042B,ponderosa pine; big sagebrush,Mountain woodland,dead,Air dried,muffle; 1 hour, 2021-08-23,-9999,-9999,-9999,-9999,-9999,-9999,250,194.1,140.6,N/A,muffle,Low_muffle,3600,250,6/13/2022,25.1,1000
Burn18,BSLE_0042,BSLE_0042C,ponderosa pine; big sagebrush,Mountain woodland,dead,Air dried,muffle; 1 hour, 2021-08-23,-9999,-9999,-9999,-9999,-9999,-9999,250,194.1,140.6,N/A,muffle,Low_muffle,3600,250,6/13/2022,25.6,1000
Burn19,BSLE_0041,BSLE_0041A,ponderosa pine; big sagebrush,Mountain woodland,living,Air dried,muffle; 1 hour, 2021-08-23,-9999,-9999,-9999,-9999,-9999,-9999,250,206.9,149.3,ponderosa pine needles had lost most green color; i.e.; brown in appearance and similar looking to litter material,muffle,Low_muffle,3600,250,6/6/2022,25.3,1000
Burn19,BSLE_0041,BSLE_0041B,ponderosa pine; big sagebrush,Mountain woodland,living,Air dried,muffle; 1 hour, 2021-08-23,-9999,-9999,-9999,-9999,-9999,-9999,250,206.9,149.3,ponderosa pine needles had lost most green color; i.e.; brown in appearance and similar looking to litter material,muffle,Low_muffle,3600,250,6/7/2022,25,1000
Burn19,BSLE_0041,BSLE_0041C,ponderosa pine; big sagebrush,Mountain woodland,living,Air dried,muffle; 1 hour, 2021-08-23,-9999,-9999,-9999,-9999,-9999,-9999,250,206.9,149.3,ponderosa pine needles had lost most green color; i.e.; brown in appearance and similar looking to litter material,muffle,Low_muffle,3600,250,6/7/2022,25.2,1000
Burn20,BSLE_0040,BSLE_0040A,ponderosa pine; big sagebrush,Mountain woodland,dead,Experimentally added moisture,muffle; 1 hour, 2021-08-27,-9999,-9999,-9999,-9999,-9999,-9999,250,195.1,154.8,N/A,muffle,Low_muffle,3600,250,6/13/2022,25.5,1000
Burn20,BSLE_0040,BSLE_0040B,ponderosa pine; big sagebrush,Mountain woodland,dead,Experimentally added moisture,muffle; 1 hour, 2021-08-27,-9999,-9999,-9999,-9999,-9999,-9999,250,195.1,154.8,N/A,muffle,Low_muffle,3600,250,6/13/2022,25,1000
Burn20,BSLE_0040,BSLE_0040C,ponderosa pine; big sagebrush,Mountain woodland,dead,Experimentally added moisture,muffle; 1 hour, 2021-08-27,-9999,-9999,-9999,-9999,-9999,-9999,250,195.1,154.8,N/A,muffle,Low_muffle,3600,250,6/13/2022,25,1000
Burn21,BSLE_0039,BSLE_0039A,ponderosa pine; big sagebrush,Mountain woodland,living,Experimentally added moisture,muffle; 1 hour, 2021-08-27,-9999,-9999,-9999,-9999,-9999,-9999,250,210.6,154.6,ponderosa pine needles had lost most green color; i.e.; brown in appearance and similar looking to litter material,muffle,Low_muffle,3600,250,6/6/2022,25.5,1000
Burn21,BSLE_0039,BSLE_0039B,ponderosa pine; big sagebrush,Mountain woodland,living,Experimentally added moisture,muffle; 1 hour, 2021-08-27,-9999,-9999,-9999,-9999,-9999,-9999,250,210.6,154.6,ponderosa pine needles had lost most green color; i.e.; brown in appearance and similar looking to litter material,muffle,Low_muffle,3600,250,6/7/2022,25.1,1000
Burn21,BSLE_0039,BSLE_0039C,ponderosa pine; big sagebrush,Mountain woodland,living,Experimentally added moisture,muffle; 1 hour, 2021-08-27,-9999,-9999,-9999,-9999,-9999,-9999,250,210.6,154.6,ponderosa pine needles had lost most green color; i.e.; brown in appearance and similar looking to litter material,muffle,Low_muffle,3600,250,6/7/2022,25.2,1000
Burn22,BSLE_0017,BSLE_0017A,big sagebrush,Sagebrush shrubland,living,Air dried,muffle; 1 hour, 2021-10-01,-9999,-9999,-9999,-9999,-9999,-9999,250,142.4,95.9,N/A,muffle,Low_muffle,3600,250,10/29/2021,25.1,1000
Burn22,BSLE_0017,BSLE_0017B,big sagebrush,Sagebrush shrubland,living,Air dried,muffle; 1 hour, 2021-10-01,-9999,-9999,-9999,-9999,-9999,-9999,250,142.4,95.9,N/A,muffle,Low_muffle,3600,250,11/2/2021,25.1,1000
Burn22,BSLE_0017,BSLE_0017C,big sagebrush,Sagebrush shrubland,living,Air dried,muffle; 1 hour, 2021-10-01,-9999,-9999,-9999,-9999,-9999,-9999,250,142.4,95.9,N/A,muffle,Low_muffle,3600,250,11/3/2021,25.1,1000
Burn23,BSLE_0016,BSLE_0016A,big sagebrush,Sagebrush shrubland,living,Experimentally added moisture,muffle; 1 hour, 2021-10-01,-9999,-9999,-9999,-9999,-9999,-9999,250,154.5,112.2,N/A,muffle,Low_muffle,3600,250,10/29/2021,25,1000
Burn23,BSLE_0016,BSLE_0016B,big sagebrush,Sagebrush shrubland,living,Experimentally added moisture,muffle; 1 hour, 2021-10-01,-9999,-9999,-9999,-9999,-9999,-9999,250,154.5,112.2,N/A,muffle,Low_muffle,3600,250,11/2/2021,25,1000
Burn23,BSLE_0016,BSLE_0016C,big sagebrush,Sagebrush shrubland,living,Experimentally added moisture,muffle; 1 hour, 2021-10-01,-9999,-9999,-9999,-9999,-9999,-9999,250,154.5,112.2,N/A,muffle,Low_muffle,3600,250,11/3/2021,25.8,1000
N/A,BSLE_0012,BSLE_0012A,douglas-fir,Douglas-fir forest,living,N/A,raw,-9999,-9999,-9999,-9999,-9999,-9999,-9999,-9999,-9999,-9999,N/A,unburned,unburned,0,25,10/29/2021,25.1,1000
N/A,BSLE_0012,BSLE_0012B,douglas-fir,Douglas-fir forest,living,N/A,raw,-9999,-9999,-9999,-9999,-9999,-9999,-9999,-9999,-9999,-9999,N/A,unburned,unburned,0,25,11/2/2021,25,1000
N/A,BSLE_0012,BSLE_0012C,douglas-fir,Douglas-fir forest,living,N/A,raw,-9999,-9999,-9999,-9999,-9999,-9999,-9999,-9999,-9999,-9999,N/A,unburned,unburned,0,25,11/3/2021,25,1000
N/A,BSLE_0013,BSLE_0013A,douglas-fir,Douglas-fir forest,dead,N/A,raw,-9999,-9999,-9999,-9999,-9999,-9999,-9999,-9999,-9999,-9999,N/A,unburned,unburned,0,25,10/29/2021,25,1000
N/A,BSLE_0013,BSLE_0013B,douglas-fir,Douglas-fir forest,dead,N/A,raw,-9999,-9999,-9999,-9999,-9999,-9999,-9999,-9999,-9999,-9999,N/A,unburned,unburned,0,25,11/2/2021,25,1000
N/A,BSLE_0013,BSLE_0013C,douglas-fir,Douglas-fir forest,dead,N/A,raw,-9999,-9999,-9999,-9999,-9999,-9999,-9999,-9999,-9999,-9999,N/A,unburned,unburned,0,25,11/3/2021,25.8,1000
N/A,BSLE_0014,BSLE_0014A,big sagebrush,Sagebrush shrubland,living,N/A,raw,-9999,-9999,-9999,-9999,-9999,-9999,-9999,-9999,-9999,-9999,N/A,unburned,unburned,0,25,10/29/2021,25,1000
N/A,BSLE_0014,BSLE_0014B,big sagebrush,Sagebrush shrubland,living,N/A,raw,-9999,-9999,-9999,-9999,-9999,-9999,-9999,-9999,-9999,-9999,N/A,unburned,unburned,0,25,11/2/2021,25.1,1000
N/A,BSLE_0014,BSLE_0014C,big sagebrush,Sagebrush shrubland,living,N/A,raw,-9999,-9999,-9999,-9999,-9999,-9999,-9999,-9999,-9999,-9999,N/A,unburned,unburned,0,25,11/3/2021,25,1000
N/A,BSLE_0043,BSLE_0043A,douglas-fir; ponderosa pine,Mixed Conifer forest,living,N/A,raw,-9999,-9999,-9999,-9999,-9999,-9999,-9999,-9999,-9999,-9999,N/A,unburned,unburned,0,25,2/7/2022,25,1000
N/A,BSLE_0043,BSLE_0043B,douglas-fir; ponderosa pine,Mixed Conifer forest,living,N/A,raw,-9999,-9999,-9999,-9999,-9999,-9999,-9999,-9999,-9999,-9999,N/A,unburned,unburned,0,25,2/8/2022,25.2,1000
N/A,BSLE_0043,BSLE_0043C,douglas-fir; ponderosa pine,Mixed Conifer forest,living,N/A,raw,-9999,-9999,-9999,-9999,-9999,-9999,-9999,-9999,-9999,-9999,N/A,unburned,unburned,0,25,2/8/2022,25.4,1000
N/A,BSLE_0044,BSLE_0044A,douglas-fir; ponderosa pine,Mixed Conifer forest,dead,N/A,raw,-9999,-9999,-9999,-9999,-9999,-9999,-9999,-9999,-9999,-9999,N/A,unburned,unburned,0,25,1/17/2022,25.2,1000
N/A,BSLE_0044,BSLE_0044B,douglas-fir; ponderosa pine,Mixed Conifer forest,dead,N/A,raw,-9999,-9999,-9999,-9999,-9999,-9999,-9999,-9999,-9999,-9999,N/A,unburned,unburned,0,25,1/17/2022,25.1,1000
N/A,BSLE_0044,BSLE_0044C,douglas-fir; ponderosa pine,Mixed Conifer forest,dead,N/A,raw,-9999,-9999,-9999,-9999,-9999,-9999,-9999,-9999,-9999,-9999,N/A,unburned,unburned,0,25,2/7/2022,25.1,1000
N/A,BSLE_0045,BSLE_0045A,ponderosa pine; big sagebrush,Mountain woodland,living,N/A,raw,-9999,-9999,-9999,-9999,-9999,-9999,-9999,-9999,-9999,-9999,N/A,unburned,unburned,0,25,6/1/2022,25.1,1000
N/A,BSLE_0045,BSLE_0045B,ponderosa pine; big sagebrush,Mountain woodland,living,N/A,raw,-9999,-9999,-9999,-9999,-9999,-9999,-9999,-9999,-9999,-9999,N/A,unburned,unburned,0,25,6/2/2022,25.3,1000
N/A,BSLE_0045,BSLE_0045C,ponderosa pine; big sagebrush,Mountain woodland,living,N/A,raw,-9999,-9999,-9999,-9999,-9999,-9999,-9999,-9999,-9999,-9999,N/A,unburned,unburned,0,25,6/2/2022,25.2,1000
N/A,BSLE_0046,BSLE_0046A,ponderosa pine; big sagebrush,Mountain woodland,dead,N/A,raw,-9999,-9999,-9999,-9999,-9999,-9999,-9999,-9999,-9999,-9999,N/A,unburned,unburned,0,25,6/13/2022,25.2,1000
N/A,BSLE_0046,BSLE_0046B,ponderosa pine; big sagebrush,Mountain woodland,dead,N/A,raw,-9999,-9999,-9999,-9999,-9999,-9999,-9999,-9999,-9999,-9999,N/A,unburned,unburned,0,25,6/13/2022,25,1000
N/A,BSLE_0046,BSLE_0046C,ponderosa pine; big sagebrush,Mountain woodland,dead,N/A,raw,-9999,-9999,-9999,-9999,-9999,-9999,-9999,-9999,-9999,-9999,N/A,unburned,unburned,0,25,6/14/2022,25.8,1000
N/A,BSLE_Blank,BSLE_Blank1,N/A,N/A,N/A,N/A,N/A,-9999,-9999,-9999,-9999,-9999,-9999,-9999,-9999,-9999,-9999,N/A,N/A,N/A,-9999,-9999,10/26/2021,-9999,1000
N/A,BSLE_Blank,BSLE_Blank10,N/A,N/A,N/A,N/A,N/A,-9999,-9999,-9999,-9999,-9999,-9999,-9999,-9999,-9999,-9999,N/A,N/A,N/A,-9999,-9999,2/8/2022,-9999,1000
N/A,BSLE_Blank,BSLE_Blank11,N/A,N/A,N/A,N/A,N/A,-9999,-9999,-9999,-9999,-9999,-9999,-9999,-9999,-9999,-9999,N/A,N/A,N/A,-9999,-9999,2/21/2022,-9999,1000
N/A,BSLE_Blank,BSLE_Blank12,N/A,N/A,N/A,N/A,N/A,-9999,-9999,-9999,-9999,-9999,-9999,-9999,-9999,-9999,-9999,N/A,N/A,N/A,-9999,-9999,4/4/2022,-9999,1000
N/A,BSLE_Blank,BSLE_Blank13,N/A,N/A,N/A,N/A,N/A,-9999,-9999,-9999,-9999,-9999,-9999,-9999,-9999,-9999,-9999,N/A,N/A,N/A,-9999,-9999,4/11/2022,-9999,1000
N/A,BSLE_Blank,BSLE_Blank14,N/A,N/A,N/A,N/A,N/A,-9999,-9999,-9999,-9999,-9999,-9999,-9999,-9999,-9999,-9999,N/A,N/A,N/A,-9999,-9999,5/11/2022,-9999,300
N/A,BSLE_Blank,BSLE_Blank15,N/A,N/A,N/A,N/A,N/A,-9999,-9999,-9999,-9999,-9999,-9999,-9999,-9999,-9999,-9999,N/A,N/A,N/A,-9999,-9999,5/24/2022,-9999,300
N/A,BSLE_Blank,BSLE_Blank16,N/A,N/A,N/A,N/A,N/A,-9999,-9999,-9999,-9999,-9999,-9999,-9999,-9999,-9999,-9999,N/A,N/A,N/A,-9999,-9999,5/31/2022,-9999,1000
N/A,BSLE_Blank,BSLE_Blank17,N/A,N/A,N/A,N/A,N/A,-9999,-9999,-9999,-9999,-9999,-9999,-9999,-9999,-9999,-9999,N/A,N/A,N/A,-9999,-9999,6/1/2022,-9999,1000
N/A,BSLE_Blank,BSLE_Blank18,N/A,N/A,N/A,N/A,N/A,-9999,-9999,-9999,-9999,-9999,-9999,-9999,-9999,-9999,-9999,N/A,N/A,N/A,-9999,-9999,6/2/2022,-9999,1000
N/A,BSLE_Blank,BSLE_Blank19,N/A,N/A,N/A,N/A,N/A,-9999,-9999,-9999,-9999,-9999,-9999,-9999,-9999,-9999,-9999,N/A,N/A,N/A,-9999,-9999,6/6/2022,-9999,1000
N/A,BSLE_Blank,BSLE_Blank2,N/A,N/A,N/A,N/A,N/A,-9999,-9999,-9999,-9999,-9999,-9999,-9999,-9999,-9999,-9999,N/A,N/A,N/A,-9999,-9999,10/27/2021,-9999,1000
N/A,BSLE_Blank,BSLE_Blank20,N/A,N/A,N/A,N/A,N/A,-9999,-9999,-9999,-9999,-9999,-9999,-9999,-9999,-9999,-9999,N/A,N/A,N/A,-9999,-9999,6/7/2022,-9999,1000
N/A,BSLE_Blank,BSLE_Blank21,N/A,N/A,N/A,N/A,N/A,-9999,-9999,-9999,-9999,-9999,-9999,-9999,-9999,-9999,-9999,N/A,N/A,N/A,-9999,-9999,6/8/2022,-9999,1000
N/A,BSLE_Blank,BSLE_Blank22,N/A,N/A,N/A,N/A,N/A,-9999,-9999,-9999,-9999,-9999,-9999,-9999,-9999,-9999,-9999,N/A,N/A,N/A,-9999,-9999,6/13/2022,-9999,500
N/A,BSLE_Blank,BSLE_Blank23,N/A,N/A,N/A,N/A,N/A,-9999,-9999,-9999,-9999,-9999,-9999,-9999,-9999,-9999,-9999,N/A,N/A,N/A,-9999,-9999,6/14/2022,-9999,500
N/A,BSLE_Blank,BSLE_Blank24,N/A,N/A,N/A,N/A,N/A,-9999,-9999,-9999,-9999,-9999,-9999,-9999,-9999,-9999,-9999,N/A,N/A,N/A,-9999,-9999,6/15/2022,-9999,500
N/A,BSLE_Blank,BSLE_Blank25,N/A,N/A,N/A,N/A,N/A,-9999,-9999,-9999,-9999,-9999,-9999,-9999,-9999,-9999,-9999,N/A,N/A,N/A,-9999,-9999,7/11/2022,-9999,500
N/A,BSLE_Blank,BSLE_Blank26,N/A,N/A,N/A,N/A,N/A,-9999,-9999,-9999,-9999,-9999,-9999,-9999,-9999,-9999,-9999,N/A,N/A,N/A,-9999,-9999,7/12/2022,-9999,500
N/A,BSLE_Blank,BSLE_Blank3,N/A,N/A,N/A,N/A,N/A,-9999,-9999,-9999,-9999,-9999,-9999,-9999,-9999,-9999,-9999,N/A,N/A,N/A,-9999,-9999,10/28/2021,-9999,1000
N/A,BSLE_Blank,BSLE_Blank4,N/A,N/A,N/A,N/A,N/A,-9999,-9999,-9999,-9999,-9999,-9999,-9999,-9999,-9999,-9999,N/A,N/A,N/A,-9999,-9999,10/29/2021,-9999,1000
N/A,BSLE_Blank,BSLE_Blank5,N/A,N/A,N/A,N/A,N/A,-9999,-9999,-9999,-9999,-9999,-9999,-9999,-9999,-9999,-9999,N/A,N/A,N/A,-9999,-9999,11/2/2021,-9999,1000
N/A,BSLE_Blank,BSLE_Blank6,N/A,N/A,N/A,N/A,N/A,-9999,-9999,-9999,-9999,-9999,-9999,-9999,-9999,-9999,-9999,N/A,N/A,N/A,-9999,-9999,11/3/2021,-9999,1000
N/A,BSLE_Blank,BSLE_Blank7,N/A,N/A,N/A,N/A,N/A,-9999,-9999,-9999,-9999,-9999,-9999,-9999,-9999,-9999,-9999,N/A,N/A,N/A,-9999,-9999,1/10/2022,-9999,1000
N/A,BSLE_Blank,BSLE_Blank8,N/A,N/A,N/A,N/A,N/A,-9999,-9999,-9999,-9999,-9999,-9999,-9999,-9999,-9999,-9999,N/A,N/A,N/A,-9999,-9999,1/17/2022,-9999,1000
N/A,BSLE_Blank,BSLE_Blank9,N/A,N/A,N/A,N/A,N/A,-9999,-9999,-9999,-9999,-9999,-9999,-9999,-9999,-9999,-9999,N/A,N/A,N/A,-9999,-9999,2/7/2022,-9999,1000
